student_id,gender,study_hours_per_day,social_media_hours,part_time_job,attendance_percentage,sleep_hours,mental_health_rating,exam_score
S1000,Female,0,1.2,No,85,8,8,56.2
S1001,Female,6.9,2.8,No,97.3,4.6,8,100
S1002,Male,1.4,3.1,No,94.8,8,1,34.3
S1003,Female,1,3.9,No,71,9.2,1,26.8
S1004,Female,5,4.4,No,90.9,4.9,1,66.4
S1005,Male,7.2,1.3,No,82.9,7.4,4,100
S1006,Female,5.6,1.5,Yes,85.8,6.5,4,89.8
S1007,Female,4.3,1,Yes,77.7,4.6,8,72.6
S1008,Female,4.4,2.2,No,100,7.1,1,78.9
S1009,Female,4.8,3.1,No,95.4,7.5,10,100
S1010,Female,4.6,3.7,No,77.6,5.8,3,63.3
S1011,Male,3.9,2.4,No,71.7,7.9,1,74.4
S1012,Female,3.7,2.1,Yes,81.1,4.5,9,76.9
S1013,Female,3.4,2.7,No,89.3,4.7,10,75.8
S1014,Male,2.4,1.5,No,87.4,6.7,9,78.9
S1015,Male,3.1,5,No,97.5,6.5,7,74
S1016,Male,1,0.6,No,92.9,5.6,8,55.2
S1017,Female,3.4,2.7,No,94.7,7.5,1,70.8
S1018,Other,2,4.9,Yes,88.3,7.1,5,43.9
S1019,Male,1.8,2.5,No,71.1,7.5,2,45.3
S1020,Female,3.8,2.3,No,83,6.4,1,58.5
S1021,Male,5.6,2.1,No,95.6,7.2,3,82.5
S1022,Other,4.9,2.3,No,84.5,6,7,98.7
S1023,Female,1.1,4.1,Yes,90,9,1,43.7
S1024,Female,2,0,Yes,81.8,5.5,2,54.9
S1025,Male,4.9,4.3,No,74.7,9,2,69.9
S1026,Male,2,0.8,No,83.8,6.5,4,73.5
S1027,Male,3.2,2.2,Yes,88.1,4.8,3,71.1
S1028,Male,4.3,2,Yes,78.4,8.1,3,82.8
S1029,Female,2,3.2,Yes,82.6,6.7,10,75.7
S1030,Female,3.7,0.6,No,75.6,7.5,5,70.6
S1031,Other,1.5,3.1,Yes,96.2,8,3,51.3
S1032,Other,2.6,4.9,No,82.1,6.9,7,52.1
S1033,Female,4,0.9,No,99.5,5.8,5,70.7
S1034,Female,1.1,2.7,No,100,7.7,4,51.2
S1035,Female,4.2,1.7,Yes,84.2,6.5,3,72.6
S1036,Female,3.5,3,No,74.9,7.3,4,70.7
S1037,Male,4.3,2.5,Yes,64.1,3.9,2,59.4
S1038,Male,3.8,1.7,No,70.3,7,1,58.1
S1039,Male,5.5,3.1,No,71.3,5.7,3,82.3
S1040,Female,3.7,4.7,No,98.8,8.5,2,69.7
S1041,Female,2.9,2.3,No,86.2,7.2,1,66
S1042,Male,3.7,3.4,No,88.9,6.8,1,63.5
S1043,Female,4.3,0.9,No,62.8,7.1,2,65.7
S1044,Female,3.6,1.4,No,73,5.3,9,78.5
S1045,Male,3.6,3.1,No,93.9,8.4,5,75.1
S1046,Male,2.4,4.3,No,87.9,8.9,9,71
S1047,Female,2.5,2.9,No,83.5,7,8,59.7
S1048,Female,1.4,2.1,No,90.6,8.4,6,52.6
S1049,Female,6.1,2.5,No,100,5.8,1,96.5
S1050,Female,1.6,1,No,82.8,5.5,10,62
S1051,Female,2.5,3.2,No,85.7,6.5,5,59.7
S1052,Female,2.4,3.6,No,86.9,7,1,48.4
S1053,Female,4.8,2,No,100,6,7,70.6
S1054,Female,3.1,1.9,Yes,64,7.1,10,68.1
S1055,Male,5.4,2.8,No,91.8,6.9,8,87.2
S1056,Male,2.5,2,No,83.9,5.3,8,66.7
S1057,Male,3.9,2.4,No,90.7,7.1,7,75.2
S1058,Female,2.2,5,No,78.4,7.5,2,46.4
S1059,Female,6.7,2.2,No,84.5,6.7,5,97.1
S1060,Female,1.7,2.1,Yes,92.1,7.9,4,61.2
S1061,Male,4,1.7,No,100,5,5,75
S1062,Male,4.5,3.4,Yes,93.1,7.1,10,94.7
S1063,Male,4.1,2.3,Yes,76.5,5.1,9,77.6
S1064,Male,3.2,1.7,No,80.8,5.2,4,68.6
S1065,Female,3.3,4.1,No,80.5,5.7,8,69.6
S1066,Male,3.6,4.2,No,67,5.4,8,66.5
S1067,Male,3.3,1.8,No,81.7,5.8,2,62.2
S1068,Female,4.9,0.3,Yes,92.3,6.2,6,82.1
S1069,Male,6.8,3.7,No,72.3,7.5,5,100
S1070,Female,2.7,1.7,No,95.5,6.1,2,59.7
S1071,Female,1.4,3.4,No,89.9,4.6,10,55.1
S1072,Male,3.4,0.1,No,77.7,7.9,4,77.1
S1073,Female,7.4,3.6,No,83.6,5.5,7,97.7
S1074,Female,2.3,1,No,100,6.4,1,66.9
S1075,Female,6,3.4,Yes,92.3,7,9,99.9
S1076,Male,6,2.5,No,85.1,6.7,10,100
S1077,Female,2.7,1.4,No,82.6,7.8,1,57.2
S1078,Female,4.4,2,Yes,85.8,7.1,5,77.3
S1079,Male,5.9,3.3,Yes,79.9,5.5,7,91.6
S1080,Male,2.9,2.6,No,64,9.1,8,70.7
S1081,Other,3.2,3.2,No,100,6.7,2,57.6
S1082,Female,2.6,4.9,Yes,86.6,6.3,4,60.2
S1083,Male,2,0.6,No,89,7.7,2,50.5
S1084,Female,2.5,4.4,No,84.4,6.8,4,51.3
S1085,Male,1.7,2.6,No,77.6,7,6,53.5
S1086,Male,3.6,1.4,No,83.1,9.5,6,79.2
S1087,Male,2.3,0.9,No,69,6.2,2,47.2
S1088,Male,3.9,2.3,No,100,6.1,4,73.4
S1089,Male,1.2,3.6,No,72.7,6.6,4,41.1
S1090,Male,4,2.3,No,74.7,7.8,1,77.8
S1091,Female,4.8,4.3,No,80.6,4.7,2,63.4
S1092,Male,0.5,0.8,Yes,97.9,4.1,3,43.9
S1093,Male,4.1,2.5,No,85.1,5.8,5,70.2
S1094,Female,5.3,1,No,72.6,4.5,8,81.3
S1095,Male,1.7,2.9,No,97.5,6,6,50.2
S1096,Female,6,3.6,No,92.3,7.1,3,87.9
S1097,Male,4.1,2,No,90.4,5.4,6,80.9
S1098,Male,2.4,0,No,92.2,4.8,7,63.9
S1099,Male,3.4,2.7,No,100,6.6,6,65.6
S1100,Male,4.3,3,No,100,7.5,10,93.2
S1101,Male,3.6,3,No,78.1,4.5,6,74
S1102,Male,4.3,4,No,100,7.5,1,60.8
S1103,Male,2.1,1.2,No,88.8,7.5,3,50.4
S1104,Male,3.8,3.3,No,90,7.6,7,74.3
S1105,Male,1.4,3.9,Yes,68.1,8,4,32.8
S1106,Male,3.3,0.4,No,83.3,9.1,4,82.3
S1107,Male,2.1,2.9,No,76.9,6.1,7,60.4
S1108,Female,2.4,1.9,No,93.3,6.6,9,60
S1109,Female,5.4,2.4,No,95.7,6,2,77.5
S1110,Male,5.1,2.9,No,64.3,6.5,9,86.5
S1111,Female,4.4,1.9,No,84.8,8.3,3,76.9
S1112,Female,1.9,1.7,No,96.2,4.9,6,43.9
S1113,Male,3,2.5,No,83.1,5.5,4,51.3
S1114,Female,5.3,1.2,No,92.3,8.2,1,83.3
S1115,Female,3.7,1.2,No,88.5,7.7,9,82.7
S1116,Male,7,3.3,No,88.4,6.1,6,94.8
S1117,Male,4.1,1.1,No,82.3,7.5,8,80.8
S1118,Female,3.8,3.3,No,72.8,6.9,2,58.3
S1119,Female,3,3.1,Yes,73.8,8.3,7,66.3
S1120,Male,3.7,0.4,No,92.1,6.6,6,87.9
S1121,Male,3.3,1.7,No,85.2,7.7,2,60.5
S1122,Male,4.6,3.9,No,83.6,9.7,2,84.8
S1123,Female,4.9,1.3,No,80.8,7.2,4,77
S1124,Female,2.3,1.9,No,81.9,6.6,4,61.7
S1125,Male,1.5,3.1,No,95.5,7.4,3,44
S1126,Male,0.7,3.4,Yes,81.6,6.1,8,42.4
S1127,Female,4.3,2.2,No,71.6,9.4,7,88
S1128,Male,1.8,1.8,No,92.4,6.7,2,48.7
S1129,Male,0.3,4.2,No,83,6.2,3,26.8
S1130,Female,4.1,4.6,No,85.3,5.5,10,81.6
S1131,Female,7.2,3.7,No,100,7.8,9,100
S1132,Female,3.5,2.6,Yes,84.8,7.5,5,74
S1133,Female,4.8,1.5,No,87.9,5.9,2,78.4
S1134,Male,3.6,1.5,No,73.2,7.2,3,70.7
S1135,Male,3.4,3.1,No,82.8,4.7,8,74.3
S1136,Female,4.9,3,No,91.1,6.7,4,67.6
S1137,Male,3.1,4.2,No,69.4,7,2,64.7
S1138,Male,3.9,3.3,No,87,8.5,2,64.1
S1139,Male,4,0.7,No,86,5.6,6,83.5
S1140,Male,2.5,3.8,No,85.4,5,8,63.4
S1141,Male,5,1.3,No,95.4,5.4,7,96.2
S1142,Male,3.2,2,No,88.3,4.9,4,65.4
S1143,Male,2.4,2.8,No,99.8,8.1,2,62
S1144,Male,4.3,4.9,No,75.1,8.4,9,74
S1145,Female,2.2,6.2,No,86.4,6.9,4,46.7
S1146,Female,3.5,3.2,No,85.8,8,9,75.5
S1147,Female,3.5,2.3,No,74.3,6.7,5,78.1
S1148,Female,5.1,3.1,No,94.6,6.4,7,85.2
S1149,Female,4.2,3.6,Yes,100,6.1,5,75.4
S1150,Male,3.5,2.1,Yes,84.8,6.1,2,64.2
S1151,Female,4.7,4.7,No,90.1,4.6,6,69.7
S1152,Female,5.6,2.8,No,85.8,6.8,7,90.3
S1153,Female,4.3,3.1,No,77.9,6.5,6,81.4
S1154,Male,3.5,3.3,No,66.8,7.4,3,65
S1155,Male,1.5,3,No,77.9,6.6,10,57.3
S1156,Male,1.9,3.5,Yes,71.1,6.3,8,57.7
S1157,Male,3,1.8,No,100,5.5,3,56.7
S1158,Female,2.6,1.8,No,83.8,6.6,5,62.3
S1159,Female,3.2,1.2,No,81.5,7.4,9,77.9
S1160,Male,3.6,3,No,93.9,5.1,5,65.2
S1161,Other,4.3,3.4,No,73.8,6.6,7,76.8
S1162,Female,3.4,3,No,77.3,6.8,7,83.8
S1163,Male,4.2,4.5,No,85.7,5.6,5,70.6
S1164,Male,3.6,2.5,No,95.3,5.8,2,63.1
S1165,Male,0.5,3.3,No,90,6.8,5,39
S1166,Male,2.1,1.2,No,87.5,5.1,7,66.7
S1167,Male,3.3,2,Yes,85.8,6.9,7,72.2
S1168,Male,1.7,3.3,No,89,5.4,4,50.1
S1169,Male,4.4,3.5,Yes,87,7.8,1,62.4
S1170,Male,5.8,2.1,No,74.7,9.3,6,96.6
S1171,Female,5.3,2.4,No,85.5,5.5,3,85.8
S1172,Male,3.2,0.7,No,74.3,7.1,5,68.3
S1173,Female,5.7,2.1,No,85.8,5.6,4,83.8
S1174,Male,3.7,3.6,Yes,80.2,7.7,2,69.3
S1175,Other,3,3.2,No,100,5,7,65.3
S1176,Male,2.6,3.1,No,84.6,7.1,5,77.5
S1177,Male,3,2.6,No,71,5.5,7,55
S1178,Other,2.9,2.5,Yes,83.7,6.3,9,65.2
S1179,Female,3.8,1.7,No,90.2,5.3,4,58.1
S1180,Female,3.7,3.3,Yes,100,7.5,5,69.2
S1181,Male,3.5,3,Yes,79.1,5.5,9,67.4
S1182,Male,4.2,3.1,No,69.2,7.2,10,79.9
S1183,Female,5.3,1.9,No,93.2,6.1,4,85.7
S1184,Female,4.9,0,No,71.2,6.4,5,96.2
S1185,Female,1.3,3.8,Yes,80.6,6.7,5,40.4
S1186,Female,0,1.9,No,82.4,5.6,8,55.2
S1187,Male,4.9,1.5,No,84.3,6.8,4,73.8
S1188,Female,1.4,3.3,No,91.9,8.3,4,46.5
S1189,Male,3.2,2,No,78.2,5.6,7,60.5
S1190,Male,1.7,3.8,No,82.3,7.9,5,55.4
S1191,Male,0.8,3.2,No,84.9,8.3,6,45.1
S1192,Female,4.3,3.3,No,86.5,5.5,6,69.4
S1193,Male,4.6,0.9,No,86,4.8,6,81.3
S1194,Male,2.6,4,No,89.4,6.9,10,66.6
S1195,Female,0,2.8,No,93.4,5.8,5,26.7
S1196,Male,2.7,2.1,No,88.9,8.7,5,64.5
S1197,Female,4.1,2.7,No,89.5,6.5,9,87.1
S1198,Male,1.3,0.4,Yes,69.2,5.5,8,42.2
S1199,Female,3.8,3,No,85.5,5.1,4,61.6
S1200,Female,3.5,1.3,No,89.8,7.8,7,81.9
S1201,Male,4.4,0.9,No,92.3,5.8,8,96.5
S1202,Male,3.7,0.7,No,78.1,6.6,9,85.1
S1203,Male,2,3.8,No,78.4,7.6,5,58.5
S1204,Male,5.3,1.7,No,79.3,5.9,3,78.4
S1205,Other,3.3,4.3,No,90.4,6.4,4,56.4
S1206,Male,3.5,1.9,No,95.3,6.5,10,92.6
S1207,Female,2.1,0.5,No,80.9,7.3,6,62.3
S1208,Male,2.8,1.2,Yes,94.1,7.2,10,75.8
S1209,Female,2.2,4,No,86.2,6.2,5,47.1
S1210,Female,3.2,2.3,Yes,83.8,6.6,9,66.3
S1211,Female,6.1,1.8,No,82.9,6.1,3,98.3
S1212,Male,1.4,2.7,No,92.5,4.7,2,29.7
S1213,Male,1.1,3.1,No,88.3,6.8,6,45.5
S1214,Male,5.7,3.8,No,100,8.8,7,100
S1215,Female,3.2,4.2,No,76.5,5.4,5,67.5
S1216,Female,2.5,2.1,No,90.2,5.6,1,60.3
S1217,Other,5.1,0.9,No,79.7,5.5,3,87
S1218,Male,2.6,2,No,76.3,7.4,3,48.5
S1219,Female,6.2,2.8,No,84.9,7,4,100
S1220,Female,4.5,1.3,No,86.4,6.3,10,82.1
S1221,Male,2.8,1.4,No,100,5.4,6,63.7
S1222,Male,6.7,2.9,No,83.2,6.6,5,100
S1223,Female,2.6,2.4,No,73.7,4.6,1,41.9
S1224,Female,4.6,2.5,No,87.7,6.7,6,72.7
S1225,Female,3.9,1.6,No,64.3,7.5,9,74.3
S1226,Male,5.5,2.2,Yes,84.1,5,1,88.7
S1227,Female,5.8,1.4,No,85.2,4.7,8,96.6
S1228,Male,3.5,3.6,No,92.9,8.4,8,72.6
S1229,Male,2.4,3.7,No,94.7,5.8,3,52.4
S1230,Male,4.2,0.3,No,80,7.9,9,100
S1231,Female,2.5,1.4,No,83.5,6.3,8,73.1
S1232,Female,6.5,0.7,No,77.3,6.3,3,100
S1233,Female,3.7,1.7,No,73.7,7,10,80.8
S1234,Male,3,2.4,No,88.1,5.4,5,62.9
S1235,Female,3.8,0.8,No,72.3,6.7,3,71.5
S1236,Male,1.5,1.4,No,80.9,6,5,46.2
S1237,Female,2,1.3,Yes,75,4.9,9,53.8
S1238,Male,5.3,2.7,No,90.5,6.9,4,74.2
S1239,Male,2.5,2.6,No,100,6.2,6,52.5
S1240,Male,1.9,1.6,No,72,6.3,3,51.2
S1241,Male,4.3,2.7,Yes,66.5,5,3,60.6
S1242,Female,5.3,1.8,No,83.8,8.4,5,91.5
S1243,Female,4.6,2.2,No,85.2,7.6,8,87.3
S1244,Male,5,4.5,No,87.2,7.7,8,98
S1245,Female,2.4,4.1,No,80.5,6.1,3,47.9
S1246,Male,1.4,0.9,Yes,83,4.4,8,51
S1247,Female,5.8,3.5,No,88.7,8.8,8,90
S1248,Female,3,3.5,No,95.4,6.4,3,54.1
S1249,Female,3.1,1.1,No,65.4,5.6,10,58.4
S1250,Male,5.5,3.5,Yes,81.3,7,10,100
S1251,Female,4.3,4.3,No,87.1,7.9,2,65.2
S1252,Female,4.2,1.2,No,75.8,6.5,10,85.3
S1253,Male,6.7,1.4,No,100,8,2,93.8
S1254,Male,2.5,3.7,Yes,78.6,7.8,9,78.8
S1255,Female,4.9,2.8,No,84.6,5.2,7,85
S1256,Female,3.6,3.2,No,90.6,5.7,6,64.5
S1257,Female,3.9,2.9,No,79.1,7.6,7,71
S1258,Female,5.8,3,No,66.5,3.2,8,90.8
S1259,Female,4.3,0.9,No,80.7,6.3,1,72.6
S1260,Male,4.3,3.8,No,95.3,4.8,8,70.9
S1261,Male,5.1,3.9,Yes,81.6,5.9,3,65.1
S1262,Male,3,2.2,No,76.5,6.1,3,49.1
S1263,Female,2.2,2.4,Yes,94.3,6.1,6,62.7
S1264,Male,1.9,0.7,No,81.7,5.8,4,51.5
S1265,Female,0.6,3.1,No,79.9,5.2,4,18.4
S1266,Female,6.6,3.2,No,86.5,9.3,4,100
S1267,Female,1.8,2.4,Yes,92.7,8.7,10,53.3
S1268,Male,3.2,3.8,No,100,5.1,9,76.1
S1269,Female,3.1,2.1,No,93.3,8.4,8,85.6
S1270,Male,4,3.2,Yes,96.6,6,3,63
S1271,Female,4.7,1.3,Yes,79.9,6.7,1,73.6
S1272,Male,4.8,2.5,Yes,74.7,6.4,1,76.2
S1273,Male,2.6,2.3,No,85.6,5.7,1,45.5
S1274,Female,3.2,2.8,No,86.1,7.7,4,58.6
S1275,Male,3.9,2.1,No,74.2,6.7,6,77.8
S1276,Male,3.1,2.3,Yes,83.2,5.9,4,61.5
S1277,Female,5.9,3.5,No,89,4.9,3,71.4
S1278,Female,4.2,2,No,88.6,5.4,8,93.9
S1279,Female,4.6,0.6,No,90,4.5,8,85.9
S1280,Female,4.5,4.6,No,87.9,6.5,6,73.8
S1281,Female,5.3,4.2,Yes,79.9,5.1,9,83.3
S1282,Male,3.8,0.9,Yes,79.9,6.2,10,79.7
S1283,Male,1.6,3.3,Yes,73,8.1,1,47.1
S1284,Male,4.1,1.9,No,100,7.9,8,91.9
S1285,Female,2.5,2.8,Yes,85.1,6.5,6,60.6
S1286,Female,2.7,2.9,No,82.8,6.4,1,46.6
S1287,Male,4.4,2.2,No,75.7,8.8,4,84.2
S1288,Male,5.4,1.6,No,100,7.1,5,95.5
S1289,Female,3.5,1.7,No,74.3,6.1,7,73.5
S1290,Male,4,1.4,No,80.7,4.8,8,75.9
S1291,Female,6.1,1.5,No,89.2,7,9,100
S1292,Female,3.9,2.4,Yes,91,7.5,6,74.2
S1293,Female,7.4,1.6,No,94.6,5.7,10,100
S1294,Male,4.3,3.3,No,100,6.8,9,94.9
S1295,Female,0.9,4.3,No,90.1,6.1,4,27.6
S1296,Female,4.6,1.8,No,74.4,6.3,8,86.2
S1297,Female,4.1,2.8,No,82.4,3.5,3,60.1
S1298,Female,5.4,3.1,No,88.1,6.2,4,91.3
S1299,Female,4.5,3.1,No,100,7.7,10,93.8
S1300,Female,3.3,2.6,No,71,5.7,4,61.6
S1301,Male,1.7,3.4,Yes,97,6.6,6,41.7
S1302,Female,3.2,3.1,No,86.8,5.6,9,74.5
S1303,Female,2.2,1,No,93.4,6.9,6,63.7
S1304,Male,2.6,3.5,No,84,6.2,1,39.6
S1305,Female,4.4,3.6,No,76.6,5.4,5,87.5
S1306,Female,6,1.6,No,92.5,8.1,9,100
S1307,Female,4.1,2.5,Yes,91.5,7.6,5,75.4
S1308,Male,1.7,3.3,No,94.7,5.8,6,61.5
S1309,Male,4.2,2.2,No,84.9,7.1,3,73.3
S1310,Other,5.3,3.8,No,79,7.1,8,96.3
S1311,Female,2.6,5.3,Yes,69.4,7.3,10,67
S1312,Male,3.3,1.6,No,93.2,4.5,4,70.1
S1313,Female,3.5,0.8,No,89.2,7.7,4,84.2
S1314,Female,2.3,2.9,No,75.3,5.8,5,48.9
S1315,Female,4.5,3.4,No,79.6,6.1,10,98.8
S1316,Female,3.3,2.2,Yes,80.3,9.7,9,76.1
S1317,Male,4.1,4.2,No,70.2,6.9,8,80.4
S1318,Male,2.2,0.9,No,76.8,6,7,64.1
S1319,Male,2.8,3.3,No,73.7,3.9,5,59.4
S1320,Female,4.6,1.8,No,80.9,8.2,9,94.2
S1321,Male,2.9,4.6,Yes,77.6,4.9,9,67.8
S1322,Male,6.1,4.9,No,68.7,5.3,10,96.1
S1323,Male,2.9,1.6,No,100,6.1,10,70.2
S1324,Female,3.8,1.8,No,97.5,8.2,2,84.2
S1325,Female,4.9,3.5,No,77.2,7.4,4,75.4
S1326,Male,1.4,2,No,87.7,6.3,8,41.7
S1327,Male,0.9,2.4,No,89.2,6.9,1,23.1
S1328,Female,1.2,2.5,Yes,96.9,5.8,5,50.3
S1329,Male,5.4,0.2,No,76.8,6.7,8,100
S1330,Male,2.7,2.5,No,95.9,6.6,2,52.2
S1331,Male,7.3,1.7,No,79.5,7.7,2,100
S1332,Male,2.7,1.9,No,71.6,7.7,8,71.2
S1333,Male,3.8,4.2,No,92.2,7.1,10,72.3
S1334,Female,5.8,1,No,97.9,6.1,9,100
S1335,Male,6.5,3.5,No,100,7.4,7,100
S1336,Female,6.6,2.2,No,73,6.4,8,100
S1337,Male,5.3,2.2,No,92,5.2,5,93.1
S1338,Female,5,3.4,Yes,80.9,6,1,67.7
S1339,Female,4.4,2.9,No,92.8,6.6,4,77.9
S1340,Male,4.7,3.2,Yes,70.3,7.6,2,80.3
S1341,Female,2.7,3.7,No,72.4,6.3,3,44.3
S1342,Male,2.3,2.1,No,77.2,5,3,54.7
S1343,Other,3.5,1.8,No,85.8,6.6,9,85
S1344,Male,3.2,1.2,No,78.6,6.6,10,81.7
S1345,Male,2.8,1.5,No,91.6,6.7,4,71.6
S1346,Male,4.5,6,Yes,95.3,7.6,2,73.7
S1347,Other,4.9,4,No,91,7.7,3,77
S1348,Female,3.6,0.9,No,100,5.8,3,72.3
S1349,Female,5.7,0.9,No,89.2,5.8,7,100
S1350,Male,1.8,3.1,No,72.8,5.3,8,54
S1351,Female,3.2,3.2,No,98.6,7.3,6,70.4
S1352,Male,2.4,3.2,No,78.9,8.2,4,47
S1353,Female,0.7,2.2,No,94.1,6.1,6,48.7
S1354,Male,3.4,2.3,No,100,6.2,1,47.6
S1355,Male,3.3,2.9,Yes,89.6,8.3,10,81.1
S1356,Male,5.8,2.6,Yes,70,7.1,8,100
S1357,Male,4.4,0,No,75.8,7,1,81.9
S1358,Female,2,2.2,No,98.2,5.1,5,56.3
S1359,Male,6.3,1.5,No,83.3,7.3,2,100
S1360,Female,5.3,2.7,Yes,85.8,5.4,6,81
S1361,Male,4.4,6.1,No,92.6,5.1,9,84.9
S1362,Female,3.2,2.9,No,92,6.1,5,67.9
S1363,Male,2.1,2.1,No,87.8,5.8,4,56.9
S1364,Male,2.9,3.6,No,82.9,6.2,2,45.9
S1365,Female,5.1,3.1,Yes,81.9,4.8,3,76
S1366,Male,6.3,3,No,93.6,7.7,6,94.8
S1367,Male,5.8,3.2,No,90.5,7.9,8,99.3
S1368,Female,2.8,5,Yes,82.4,4.2,8,71
S1369,Female,1.8,1.1,Yes,95.8,7.7,5,70.9
S1370,Male,3.7,3.1,Yes,83.7,5.5,5,59.8
S1371,Male,0.8,1.4,Yes,76.5,7.5,10,36
S1372,Female,4,3.2,No,77.4,6.4,3,68.4
S1373,Male,3.3,1.4,No,75.2,6.5,7,72.9
S1374,Male,2.8,2,Yes,82.3,6.3,6,57.3
S1375,Male,1.1,2.1,Yes,97.3,8,1,50.3
S1376,Female,4.3,3.7,No,76.9,5,4,65.7
S1377,Female,2.7,3.6,No,86.9,7.2,6,67.9
S1378,Male,1.7,1,No,78.4,7.8,6,63.6
S1379,Male,0,2.6,No,82.4,7.4,3,32.9
S1380,Male,3.5,1.6,No,69.9,9.3,6,67.7
S1381,Female,6.2,1,No,82.8,5.9,10,100
S1382,Male,6,2.2,Yes,83.1,7.6,6,96.8
S1383,Male,2.8,2.1,No,90.4,6.4,9,71
S1384,Female,2.6,5.4,No,87.2,8,9,59.8
S1385,Male,4.2,3,No,73,6.5,2,64.2
S1386,Female,2,0.8,No,95.8,6,4,45.2
S1387,Male,4,1.8,No,87.1,8.1,9,82.9
S1388,Male,4.6,3.7,No,87,5.9,4,73.2
S1389,Male,5.3,5,No,84.9,4.8,8,79.6
S1390,Female,3.3,0.6,Yes,79.8,5.9,10,73
S1391,Female,3.2,0.2,Yes,87.2,7.2,3,72.6
S1392,Female,2.2,4.7,No,89.8,8.2,3,45.2
S1393,Male,2.3,3,No,67.5,6.6,9,51.8
S1394,Female,3.2,1.5,No,79.6,8.1,10,92
S1395,Male,4.1,3.1,No,82.5,4.9,8,77.8
S1396,Male,4.9,0,Yes,87.6,6,1,97.2
S1397,Female,2.3,2.5,Yes,96.9,6.2,10,71.9
S1398,Male,5.7,2.9,No,77.3,6.4,2,69.1
S1399,Male,3.1,3.6,No,80,6.6,3,59.6
S1400,Male,3.5,1.3,No,79.9,7.3,2,60.4
S1401,Male,2.4,2.6,No,77,6,3,48.3
S1402,Male,0,1.4,No,81.5,6.7,8,50.1
S1403,Female,4.8,2.8,No,92.7,6.4,6,74.9
S1404,Male,4.6,1.4,Yes,74.5,5.4,7,85.6
S1405,Female,3.1,2,No,89.3,6.4,10,65.4
S1406,Female,3.6,1.3,No,68,6.3,10,82.4
S1407,Male,4.3,3.3,No,79.4,6.3,6,67.3
S1408,Male,1.2,3.5,No,81.7,6.5,1,34.3
S1409,Male,2.7,2.2,No,100,6.6,3,53
S1410,Female,4.7,2.5,No,82.3,6,1,78
S1411,Male,1.6,0.8,Yes,63,8,10,58.2
S1412,Female,3.9,2.1,No,65,5.1,9,73.7
S1413,Male,1.5,2.4,Yes,85.3,5.6,9,60.3
S1414,Female,4.2,5.6,No,91.1,9.8,5,78.7
S1415,Male,3.4,1.2,Yes,88.8,5.3,4,68.3
S1416,Male,1.1,4.3,No,86.7,4.9,9,49.9
S1417,Female,5.2,3.7,No,96.6,7.4,9,100
S1418,Female,2.4,2.8,No,79.6,4,3,54.7
S1419,Male,2.3,4.6,No,93.9,6.2,5,58.7
S1420,Female,3.8,2.9,Yes,68.7,9.1,3,70.8
S1421,Female,5.2,3,No,76,4.6,10,87.1
S1422,Female,2,2.4,No,66.9,4.1,2,29.5
S1423,Female,3.6,4,No,82.3,4.7,1,53.2
S1424,Male,4.1,3.8,Yes,84.5,7.6,10,73
S1425,Male,4.5,1.7,No,86.1,7.8,2,71.1
S1426,Male,3.8,0.9,No,85.6,5.9,8,80.9
S1427,Female,2.9,2.3,Yes,75.7,7.3,8,75.1
S1428,Female,2.3,1.5,No,83.1,8.2,3,52.4
S1429,Male,3.6,2.4,No,70,8.6,7,67.6
S1430,Male,1.9,4,No,98.6,6.2,7,35.7
S1431,Female,0,2,No,82,3.7,2,29.9
S1432,Other,4.2,2.4,No,80.1,5.5,9,70.7
S1433,Female,4.9,2.6,No,100,6,3,89.3
S1434,Male,0,3.5,No,72.6,6.2,2,26.2
S1435,Male,2,0,No,73.7,6.3,3,58.3
S1436,Male,4.4,1.8,No,74,7.8,2,78.4
S1437,Female,6.6,2.8,No,84.3,8,8,100
S1438,Male,3.5,3.9,No,89.3,6.3,5,66.8
S1439,Female,2.4,1.9,No,92.4,7.8,3,63.8
S1440,Male,3.2,0.2,No,100,6.9,5,76.1
S1441,Female,5.6,3.2,No,62.5,6.6,8,82.7
S1442,Female,2.5,1.7,No,91.1,7.6,7,65
S1443,Female,2.3,1.1,Yes,79.4,6.6,6,66.8
S1444,Male,2.8,1.8,No,79.1,9,1,64.9
S1445,Male,2.1,2.3,No,78.8,4.8,10,63.1
S1446,Male,3.7,1.8,Yes,75.9,5.9,1,56.3
S1447,Female,5.9,0,No,100,6.3,1,93.6
S1448,Female,4,3.6,No,93.4,7,10,91.9
S1449,Female,3.1,4,No,85.2,8,8,74
S1450,Female,3.1,3.3,No,98.5,6.5,8,62.7
S1451,Female,1.2,1.1,No,69.9,4.8,7,58.6
S1452,Male,4.8,2.3,Yes,71.7,7.5,6,89.3
S1453,Female,3.4,2.5,No,63.2,7.4,4,63.4
S1454,Male,3.2,3.2,Yes,78,4.2,1,46.7
S1455,Male,8.3,3.3,Yes,86.6,6.5,9,100
S1456,Female,3.9,1.6,Yes,86,4.6,1,68.7
S1457,Male,2.4,2.6,No,86.5,5.7,4,58.9
S1458,Male,2.9,3,No,70.9,5.4,3,59
S1459,Female,5.2,4.2,Yes,93,7.5,7,77.9
S1460,Male,3.7,3.3,Yes,87.4,6.6,5,72.3
S1461,Female,1.3,3.4,No,92.3,5,5,49.7
S1462,Male,4.9,2.6,Yes,66.1,7.6,4,80.9
S1463,Male,2.5,4.2,Yes,88.1,4.8,1,44.5
S1464,Male,6.3,3,Yes,73.1,6.9,5,85.3
S1465,Male,5.1,1.5,No,81,5.5,4,83.2
S1466,Female,2.8,4.2,No,90.3,6.1,10,59.7
S1467,Male,5.4,3.3,No,85.9,7.1,8,98.1
S1468,Female,3.6,2,No,76.5,7.1,2,66.8
S1469,Male,4.8,1.9,No,85.1,8.1,8,96.1
S1470,Female,4.2,2.9,No,69.7,6.4,1,60.4
S1471,Female,2.2,3.1,No,96.5,6.9,4,33.8
S1472,Female,2.5,2.7,No,82.9,6,3,56.1
S1473,Male,5,2.9,No,96.2,6.7,5,80.6
S1474,Male,3,4.5,Yes,79.7,7,5,52.6
S1475,Male,2.9,3.8,No,79.8,6.4,5,52.1
S1476,Female,2.1,2.7,No,77.4,4.3,4,39.9
S1477,Male,4.1,3.6,No,93.8,6.9,8,84
S1478,Female,6.6,1.3,No,77.9,6.9,3,97.7
S1479,Female,1.9,3,No,91.4,5.7,4,43.3
S1480,Male,3.5,4.7,Yes,81.2,5,1,55.9
S1481,Female,5.6,2.2,No,65.2,8.3,7,84.6
S1482,Male,3.4,1.5,No,79.3,7.1,1,67
S1483,Male,4.2,1.7,No,73.2,6.2,2,76
S1484,Female,1.9,1.2,No,85.3,5.1,7,56.9
S1485,Female,4.1,1.6,No,73.1,5.5,1,77.5
S1486,Female,3.2,2.1,No,94.3,8.1,3,69.4
S1487,Male,5,0.8,No,84.1,6.7,6,94.6
S1488,Male,5.3,2.5,Yes,83.2,5.8,6,93.4
S1489,Female,7.4,3.6,No,91.6,7.1,6,100
S1490,Female,4.4,1.4,No,94.6,5.5,2,63.6
S1491,Female,4,4.3,No,84.8,8.3,2,53
S1492,Male,3.8,3.1,No,77.3,8.1,6,67.8
S1493,Female,3,3.7,No,67.3,5.9,10,73.9
S1494,Male,4,1.7,No,78.1,5.7,5,66.5
S1495,Male,3.1,3.5,No,78.8,3.4,7,49.9
S1496,Female,3.8,1.2,No,86.1,4.7,7,73.9
S1497,Male,5.5,3.6,No,81.5,4.9,5,80.3
S1498,Female,2,2.7,No,91.9,6.7,8,71.7
S1499,Male,5.2,3.2,Yes,78.9,6.1,10,83.3
S1500,Male,5.5,1.1,No,84.4,4.9,6,84.5
S1501,Female,3.3,1.4,No,96.8,6.2,5,74.9
S1502,Female,0.3,3.2,No,88.4,7.1,4,34
S1503,Female,2.6,1.4,Yes,84.4,7.1,7,63
S1504,Female,5.4,3.1,No,79,4.2,4,77.9
S1505,Female,3.5,0.9,No,78.7,6.3,5,72.9
S1506,Female,2,3.5,No,76.5,4.8,5,53.2
S1507,Female,2.7,1,No,79.6,7.6,1,57.3
S1508,Male,4.8,3.2,No,92.6,7.4,1,76.6
S1509,Female,4.3,3.3,No,82.8,5.4,3,64.6
S1510,Male,3.1,1.7,Yes,71.5,5.6,3,51.1
S1511,Other,2.9,3.2,No,100,5.9,2,63
S1512,Female,2.9,2.8,No,88.2,3.8,2,61.6
S1513,Male,2.1,1.9,Yes,70.9,6.9,6,62.5
S1514,Female,5.9,1.3,No,80.6,6.2,1,87.1
S1515,Female,3,0.1,No,86.1,7.7,6,82.5
S1516,Male,5.3,2.9,No,100,5.2,5,80.9
S1517,Female,5.8,0.6,No,73.9,5.8,6,100
S1518,Female,5,2.6,No,94.8,4.7,5,79.6
S1519,Male,2.9,2.2,Yes,99,5.3,7,71.2
S1520,Female,4.1,3.3,Yes,78.7,5.1,1,62.7
S1521,Male,3.5,2.1,No,82.2,7.7,3,64.2
S1522,Female,2.1,2.1,No,74.6,5.7,6,44.1
S1523,Other,4,3.4,No,83,6.6,1,61.7
S1524,Female,1.7,2.9,No,84.6,6,7,39.9
S1525,Male,5.3,2.9,No,91.6,5,4,84.1
S1526,Female,2.8,3.1,No,95.9,6.3,3,40.7
S1527,Female,3.8,0.7,No,77.5,7.2,10,81.8
S1528,Male,3.9,3.4,No,65.3,5.1,9,77
S1529,Female,3.1,3.2,No,84.8,7.5,1,65.7
S1530,Male,4.4,1.3,No,87.9,5.5,8,80.9
S1531,Female,2.8,2.2,No,87.5,5.9,1,47.4
S1532,Male,4.8,2.5,Yes,81.7,7.1,5,83
S1533,Male,1.5,2.3,No,86.2,5.7,10,54.2
S1534,Male,3.7,2.9,No,100,6.5,8,82.5
S1535,Female,6.4,4.2,Yes,88.8,6.1,6,85
S1536,Male,2,3.8,No,81.3,6.7,7,40.4
S1537,Female,2.5,0.9,Yes,80,3.6,8,58.9
S1538,Male,4.3,3.2,No,83.3,4.3,6,67.5
S1539,Male,3.8,4.1,No,100,7.2,6,81
S1540,Female,4,3,No,83.2,7.7,6,74.7
S1541,Female,4.2,3.8,Yes,84.8,5.4,5,67.4
S1542,Male,4.5,4.9,No,80.2,6.2,8,72.2
S1543,Female,5.2,3.7,No,96,6.9,2,77.1
S1544,Female,4.1,2.8,No,100,7.3,7,87.9
S1545,Female,3.1,3.8,No,89.5,4.1,4,54.1
S1546,Male,4.5,2.7,Yes,85.8,5.4,1,62.9
S1547,Male,6.3,2.5,No,85.4,6.1,5,95.6
S1548,Female,3.3,2.1,No,61.2,7.3,3,67.1
S1549,Male,2,4.4,No,92.5,9.5,4,51.5
S1550,Female,5.2,1.5,Yes,86.3,6.2,7,97.9
S1551,Female,3.3,4.3,Yes,89.3,4.8,5,67
S1552,Female,0.2,3.1,Yes,77.9,7,4,31.5
S1553,Female,4.8,0.8,No,81.2,8.1,1,88
S1554,Other,2.7,2.9,No,80.9,6.6,6,53.4
S1555,Male,3.4,0,No,95.2,5.4,10,83.4
S1556,Female,4,3.3,No,81.2,7.6,6,79
S1557,Male,3.8,3.6,No,100,7.3,7,69.9
S1558,Male,4.6,1.8,No,89.3,5.3,1,60.1
S1559,Female,2.8,2.6,No,72.2,7,4,70.3
S1560,Female,4.3,4.8,Yes,83.7,7.7,9,79.8
S1561,Other,3.1,1.9,No,78.5,7.9,10,66.6
S1562,Female,4.6,1.2,No,63.1,6.4,6,91.7
S1563,Male,4.4,4.3,Yes,100,6.1,2,70.1
S1564,Male,2.1,4.9,No,92,8,4,61.5
S1565,Female,5.1,2.5,No,90.3,5,6,79.3
S1566,Male,2.7,3.7,No,86.7,7,4,63.9
S1567,Male,4.7,4.1,No,71.2,4.9,10,93.1
S1568,Male,4.1,1.6,No,80.2,7.8,7,89.8
S1569,Male,6.3,1.9,No,93.4,6.2,3,100
S1570,Male,3.2,4,No,74.5,8,6,61.8
S1571,Male,3,4.5,No,59.7,7.1,4,51.5
S1572,Male,3.5,3.2,No,82.7,5,3,60.4
S1573,Male,3,1.4,No,83.6,8.2,3,67.2
S1574,Other,4.7,4.9,No,86.4,8.4,2,89.6
S1575,Male,1.1,1.9,No,92.3,7.6,3,48.3
S1576,Male,1.9,2.1,No,91.4,5.6,10,61.7
S1577,Female,1.9,2.9,Yes,87.6,6.1,1,44.4
S1578,Male,4.9,4.4,Yes,97,6.7,3,77.2
S1579,Female,6.1,3.5,Yes,69.8,5.7,9,100
S1580,Female,3.3,3,No,90,8.5,4,73
S1581,Male,3.2,3.1,No,91.3,6.7,3,68.5
S1582,Male,3.6,2.6,No,72.6,3.3,8,61
S1583,Female,5.2,3.2,No,70,6.9,1,70.5
S1584,Female,2.1,0,No,77.5,6.1,5,52.5
S1585,Male,3.9,2.1,No,78.4,6.4,1,62.8
S1586,Female,5,2.8,Yes,92.5,6.1,7,83.5
S1587,Male,4.3,1.1,No,78.9,7.5,5,71.4
S1588,Other,3.8,3,No,76.4,7.8,2,61.5
S1589,Male,5,2.3,No,78.9,6.8,1,75.4
S1590,Female,0,4.6,No,96.2,6.1,7,42
S1591,Female,4.5,4.4,No,85.1,6.5,1,64
S1592,Female,2.5,1.9,Yes,83.2,6.5,3,60.1
S1593,Female,0.8,2.3,Yes,83.9,5.5,6,34.7
S1594,Male,4.3,2.4,Yes,97.9,7.2,6,88
S1595,Male,5.6,2,No,77.5,7.1,7,100
S1596,Male,3.3,2.7,No,98.2,8.3,1,66.1
S1597,Male,4.9,1.6,No,87.1,8,7,95.5
S1598,Female,5.9,1.1,Yes,83.4,5.7,2,86.4
S1599,Male,5.5,3.2,No,100,7.5,6,77.3
S1600,Male,6,3.3,No,74.4,5.4,8,90.2
S1601,Other,4.6,1.5,No,81.5,7.3,5,80.2
S1602,Female,3.6,3.6,No,72.7,5.9,10,72.9
S1603,Female,1.1,1.7,No,94.5,5.3,3,35.8
S1604,Other,3.1,2.8,No,100,6.8,8,72.8
S1605,Male,2.2,3.5,No,100,3.3,8,67.6
S1606,Male,6.8,2.5,No,97.2,4.4,4,93.1
S1607,Female,3.2,3,No,83,6.3,8,57.5
S1608,Female,3.7,1.9,No,81.3,6.6,5,61.1
S1609,Male,4.3,2.3,No,68.3,6.1,5,77.4
S1610,Female,3.6,2.3,No,100,4.6,3,69.6
S1611,Male,6,1.6,No,89.7,5.5,7,100
S1612,Male,2.6,2.3,No,80.1,7,9,69.3
S1613,Female,3.8,0.6,No,98.3,7.2,9,85.7
S1614,Female,2.4,1.9,No,75.3,6.5,1,53.9
S1615,Female,1.5,2.2,No,89.1,7.9,1,43.7
S1616,Male,2.6,2.2,No,83.3,7,10,79.3
S1617,Female,3.4,2.2,No,91.4,5.6,5,71.3
S1618,Male,2.9,2.4,No,84.4,6.2,1,61.4
S1619,Male,2.5,3.1,No,70.5,4.8,4,45.1
S1620,Female,1.4,3.5,No,85.8,6.4,1,39.8
S1621,Female,3.4,1.7,No,95.5,7.8,2,70.7
S1622,Female,1.2,1.1,No,84.7,7.3,2,35.6
S1623,Female,4.6,1.2,No,92.8,8.2,4,93
S1624,Female,3.6,1.9,No,74.5,6.1,8,83.2
S1625,Female,1.3,2.1,No,84.7,8.1,2,46.6
S1626,Male,3,1.6,No,78.8,6.3,9,70.8
S1627,Male,2.4,0.9,No,92.5,8.3,9,78.3
S1628,Male,4,2,No,85.3,6.5,2,70.7
S1629,Male,5.5,2.7,Yes,91.9,7.3,1,82.6
S1630,Female,0.7,3.2,No,95.9,8.3,10,50.3
S1631,Female,3.7,1.8,No,91.9,6.3,10,80.9
S1632,Male,3.3,2,No,87.7,6.8,9,75.4
S1633,Male,4.5,1.4,No,75,8,2,83.7
S1634,Female,3.8,2.5,No,85,6.3,8,76.8
S1635,Male,2.4,1.5,No,79.7,4.9,3,45.8
S1636,Female,3,3.2,No,81.6,9.1,1,58.4
S1637,Female,2.3,0.4,No,81.3,5.9,1,70.3
S1638,Female,5.1,2.1,Yes,75.2,6.7,10,99.4
S1639,Female,3.5,2.9,No,65.4,7.9,2,62.9
S1640,Female,6.4,2.7,Yes,78.3,5.8,7,98
S1641,Male,3.4,5.7,No,86.9,5.3,6,74.7
S1642,Female,2.4,2.9,No,71.5,6.8,2,50.4
S1643,Female,1.2,1.3,No,85.2,4.3,4,49.4
S1644,Male,0.8,2.4,No,100,6.2,2,35.3
S1645,Female,1.1,0.4,Yes,95.2,6.8,1,46.3
S1646,Female,3.9,2.4,No,100,6.2,3,68.4
S1647,Female,4.3,1.5,No,88.9,4.6,4,84.2
S1648,Female,1.1,3.6,No,96.7,8.4,10,54.6
S1649,Female,4.8,1.8,No,77.8,6.6,5,88
S1650,Female,2.8,2.4,No,78.6,8.2,5,61.5
S1651,Female,3.7,1.7,Yes,57.6,6.2,7,75.7
S1652,Female,5.9,4.6,No,96.9,5.4,10,100
S1653,Female,4.8,2.1,No,100,6.8,8,82.6
S1654,Female,3.1,4.7,No,79.5,6.2,9,71.5
S1655,Female,2.2,3.5,No,82.5,5.1,7,57.6
S1656,Male,0.3,3.1,Yes,77.5,8.3,5,36.1
S1657,Female,2.4,2.9,No,88.8,5.8,9,67.4
S1658,Female,3.2,3,Yes,96.2,4.3,8,74.8
S1659,Male,2,0.2,No,67.6,8.1,10,73.6
S1660,Female,3.3,2.2,No,89.1,5.9,9,79.5
S1661,Male,3.6,3.5,No,82.2,5.8,10,62.5
S1662,Male,3.2,2.4,No,86.1,4.4,8,76.3
S1663,Female,2.5,0.8,No,89.6,8.6,6,75.6
S1664,Male,3.8,2.4,No,83.1,5,4,64.4
S1665,Female,4.2,4.5,No,84,6.6,9,75.3
S1666,Female,1.9,4,Yes,82.9,7.6,9,50.4
S1667,Female,5.6,2.4,No,94.7,7,10,100
S1668,Male,3.4,3.6,No,89.2,6.4,10,76.4
S1669,Male,3.5,2.1,No,87.2,4.5,9,69.9
S1670,Female,4.6,0.5,No,72.3,5.5,10,88.9
S1671,Other,3.8,1.4,No,81.2,6.7,3,70.4
S1672,Female,4.9,4.4,No,94,5.6,3,69.4
S1673,Male,3.9,2.2,No,85.4,6.7,6,84.9
S1674,Female,2.6,2.2,No,91.6,7.3,6,63.6
S1675,Female,4,2.1,No,100,7.7,6,82.2
S1676,Female,1.8,4.8,No,95.4,5,5,37.4
S1677,Male,3.7,4.5,No,85.9,9.1,5,73.8
S1678,Female,3.5,5.2,Yes,79.9,7.4,2,53.4
S1679,Female,3.2,2.3,No,59.5,6.5,7,64.2
S1680,Other,3.3,2.9,No,83.3,7.8,4,70.4
S1681,Male,0.7,0.7,No,81.7,9.3,3,51.5
S1682,Female,2.7,4.3,No,88.9,4.8,8,53.4
S1683,Female,3.6,1.1,Yes,83.5,6.2,4,77.2
S1684,Male,3.7,2.8,No,81.8,3.6,4,59.8
S1685,Female,2,1.2,No,67.2,6.7,8,55.4
S1686,Female,5.4,1.8,Yes,75.6,6.9,1,69.9
S1687,Male,2.2,1.5,Yes,89.8,6.5,9,71.6
S1688,Male,5,1.8,No,100,5.7,7,92.9
S1689,Female,4.1,1.9,No,84,4,2,72.4
S1690,Male,2.5,1.8,Yes,88.3,6.9,6,70.5
S1691,Female,6.2,3.5,No,94.5,8.2,8,100
S1692,Male,1.7,1.2,No,76.9,5.8,5,37.4
S1693,Female,4.9,2.8,No,88.7,7,6,88.7
S1694,Male,5,4,No,77.6,4.6,10,88.6
S1695,Female,2.5,1.9,No,93.6,7,8,68.5
S1696,Other,5.6,1.6,No,86.5,6,6,100
S1697,Other,3.1,2.2,No,88,5.6,9,66.9
S1698,Female,3.9,3.9,No,77.2,5.6,9,71.5
S1699,Male,3.9,2.7,No,92.1,6,9,77.8
S1700,Female,3.3,1.9,No,100,7,6,67.7
S1701,Male,4.7,3.1,No,74.9,4.9,9,96.4
S1702,Male,4.7,1.2,No,81.6,6,3,83.1
S1703,Male,0.9,3.3,Yes,87.3,6.5,5,37.9
S1704,Female,5.5,3,No,92.9,5.2,2,76.3
S1705,Female,1,2.1,No,79.4,8.7,8,52.6
S1706,Female,5,1.5,No,56.7,5.5,4,83.6
S1707,Male,5.2,1.4,No,98.6,5.7,6,92
S1708,Male,1.9,3.1,No,92.6,5.3,6,53.2
S1709,Other,2.9,4,No,67.6,8.7,5,56.4
S1710,Male,1.8,1.7,No,78.9,7.2,1,58.1
S1711,Male,3.2,3.1,No,100,5.4,7,70.9
S1712,Male,3,0,Yes,99.5,7.8,10,98.7
S1713,Female,4.7,1.8,Yes,94.4,6.7,8,83.3
S1714,Female,5.5,2.5,No,83.2,6.8,1,80.6
S1715,Male,5.6,1.4,No,85.8,6.1,10,91.3
S1716,Male,2.7,1.4,No,83.7,5.6,7,63.5
S1717,Female,3.2,1.7,Yes,96.3,6.9,4,66.3
S1718,Female,1,2.9,No,76.2,5.8,6,49.9
S1719,Male,2.3,2.3,Yes,76.9,8.7,9,68.9
S1720,Female,4.9,0,Yes,95.1,5,5,94.2
S1721,Male,5.9,0,Yes,84.6,8.3,8,100
S1722,Male,1.6,1.8,No,98.8,6.4,5,58.6
S1723,Female,2.6,3,No,78.3,6.9,2,53.2
S1724,Male,3.5,0,No,84.5,7.5,4,70.5
S1725,Female,3.9,1.9,No,75.8,5.7,2,64
S1726,Male,2.3,1.9,Yes,85.1,7.5,7,77.4
S1727,Male,4.1,4.2,No,70.2,3.3,7,57.4
S1728,Other,2.8,2,No,80.1,5.6,3,59.9
S1729,Male,3.5,3,No,70.6,5.4,7,66.7
S1730,Female,4.3,2.7,Yes,91.9,5,1,58.4
S1731,Male,3.5,0,No,92.2,6.2,1,63.6
S1732,Male,2.8,3.4,No,67.7,7,9,62.6
S1733,Male,3.3,2.8,No,98.3,7.3,6,70.6
S1734,Female,3.4,3.1,No,100,6.8,5,75.2
S1735,Male,2.9,7.2,Yes,85.5,5.7,6,50.1
S1736,Female,3.1,0,No,78.6,6.9,6,72.8
S1737,Male,5.9,4.6,Yes,100,6.6,1,72.7
S1738,Other,4.3,2.2,No,71.8,7.6,5,76
S1739,Male,3.1,2.8,No,85.2,7.4,9,74.1
S1740,Female,4.5,2.4,Yes,86.8,6.5,4,79
S1741,Female,3,2,No,98.5,5.4,3,51.3
S1742,Female,5.3,1.8,No,88.6,5.7,1,71
S1743,Female,4.1,2.9,Yes,80,5.8,2,76.4
S1744,Female,3.3,0.7,No,75.5,6.1,3,52.6
S1745,Female,4.2,3.4,No,81.6,6.8,4,74
S1746,Male,1.1,2,No,74.9,7.4,7,42.6
S1747,Male,1.8,1.1,No,85.5,6.4,6,49.8
S1748,Female,1.7,2,No,79.4,6.5,8,45.7
S1749,Female,3.7,4,No,70.1,6.7,9,77.2
S1750,Female,6.1,1.9,No,97.6,5.9,6,98.5
S1751,Female,6.8,2.9,No,80,5.4,7,96.2
S1752,Male,4.5,1.6,Yes,72.3,4.4,4,71.3
S1753,Male,4.3,3.4,No,83.3,5.7,2,59.2
S1754,Female,0.8,3.3,No,85.7,7.1,9,51.8
S1755,Male,2.7,4.7,Yes,67.5,5.7,9,59.3
S1756,Male,2.3,2.3,No,88.3,6.2,4,58.5
S1757,Female,2.6,3.3,No,74.5,7.1,3,44.5
S1758,Male,3.2,2.6,No,100,7.1,10,75.4
S1759,Female,2.8,4.1,Yes,90.2,5.2,6,54.9
S1760,Male,0.5,1.6,Yes,81,7.7,3,30.2
S1761,Female,4.6,3.4,No,77.5,7.9,1,71.8
S1762,Male,1.9,2.3,No,84,5.1,4,51.8
S1763,Male,3.9,2.4,Yes,91.1,5.5,1,59.5
S1764,Male,6.6,2.6,No,84.7,7.9,2,96.6
S1765,Male,2.1,2.8,Yes,82.8,6.3,3,44.1
S1766,Male,0,2.4,No,85.6,3.8,8,30.5
S1767,Male,3.1,2.8,No,79,4.8,10,63.7
S1768,Female,5.2,4.4,No,81.6,6.2,4,74
S1769,Male,6.4,3.7,No,64.1,5.1,4,98.8
S1770,Female,1.7,3.5,No,94.7,6,10,53
S1771,Female,4.2,2,No,88,6.5,9,84.6
S1772,Female,2.8,1.4,No,77.3,8.3,7,73
S1773,Male,3.3,3.6,No,100,6.2,2,57.1
S1774,Female,7.5,3.6,Yes,85.9,7.8,3,100
S1775,Male,1.2,4.3,No,74.6,8.2,4,36.2
S1776,Male,3.9,1.8,No,93.6,8.2,4,65.6
S1777,Other,4.2,2.2,Yes,89,6.8,10,87.5
S1778,Male,5.1,0.5,No,88.9,4.1,8,100
S1779,Female,3.6,2,Yes,80.7,7.1,10,85.6
S1780,Female,4,3.7,No,89.5,7.8,10,89.4
S1781,Female,2.9,1.9,No,82.4,6.4,6,66.9
S1782,Female,3.9,3.3,Yes,90.6,8.6,3,56
S1783,Male,3,2.3,No,66,7.5,9,77.9
S1784,Male,4.4,2.9,No,80.7,7.2,10,91.3
S1785,Female,2.9,1.1,No,100,7.8,8,68.4
S1786,Male,4.1,2.6,No,77.3,6.9,9,85.3
S1787,Male,3.5,0,No,79,3.5,5,64.4
S1788,Male,5.2,2.3,No,80.5,5.9,3,82.8
S1789,Male,3.4,0.5,No,72.9,7.9,4,78
S1790,Male,0.8,3.9,No,62.9,5.5,5,31.5
S1791,Male,5.4,3.4,No,82.7,6.2,9,92.3
S1792,Female,2.1,3.1,No,86.4,5.2,9,50.1
S1793,Female,2.5,4.3,No,84.5,8.6,3,49.4
S1794,Female,2.6,1.4,No,83.6,8.5,7,80.3
S1795,Male,5.6,4.6,No,85.4,5.4,6,89.7
S1796,Male,0.3,3.6,No,95.2,6.7,4,33.6
S1797,Male,8.2,2.2,No,83.1,5.7,5,100
S1798,Female,5.1,3.9,No,79.3,7.2,10,90.6
S1799,Female,3.8,1.2,No,82.2,7.1,2,66.3
S1800,Male,3.4,1.5,No,90.8,7.5,7,86.1
S1801,Female,3.9,1.8,No,99.1,6.9,4,65.5
S1802,Male,4.3,1.9,No,78.7,10,2,82.9
S1803,Female,4.5,1.2,No,86,5.3,6,76.3
S1804,Female,4.3,4,Yes,88.4,4.4,2,59
S1805,Female,3.6,2.2,No,75.1,6,10,76.1
S1806,Female,3.2,2.9,No,85.2,4.6,2,40.3
S1807,Female,3.3,1.8,No,70.3,4.7,7,65.2
S1808,Male,3.2,0.3,Yes,67.3,5.3,1,43.9
S1809,Female,5.2,2.8,No,88.7,5.4,7,89.5
S1810,Male,4.4,0.2,No,81.2,5.4,10,80.7
S1811,Female,0,2.4,Yes,87,7.1,5,53
S1812,Female,4.5,0.9,No,84.8,5.9,1,70.6
S1813,Female,3.8,4.9,No,75.2,6.3,6,65.5
S1814,Male,3.5,3.6,No,84.5,7.6,7,75.1
S1815,Female,2.9,2.6,No,72.7,5.6,1,43.5
S1816,Female,5.2,4,No,98.9,6.2,9,80.6
S1817,Female,4.9,1.5,No,71.4,6.9,7,88.2
S1818,Male,2.3,3.2,No,83,4.2,1,48.5
S1819,Male,4.1,2.7,No,74.6,3.6,3,67.3
S1820,Male,2,2.8,No,90.7,6.9,5,50.7
S1821,Male,1.4,4,No,81.7,7.1,4,35.4
S1822,Female,2.6,3.4,No,79.8,9,2,49.1
S1823,Male,4.8,2.8,No,93.5,6.7,1,85.4
S1824,Other,4.9,0.5,No,85.3,7.5,4,83.9
S1825,Male,4.3,1.3,Yes,90.2,6.3,7,90.4
S1826,Male,4.6,2.4,No,75.2,6.9,4,87.8
S1827,Female,4.3,2.6,No,71,8.5,9,87.5
S1828,Female,2.5,1.1,No,86.1,4,8,58.2
S1829,Female,4.1,5.4,No,81.8,7,8,73.2
S1830,Female,4.7,4.3,No,91.3,9.1,5,83.5
S1831,Female,4.6,3.2,No,84.2,6.8,1,77.6
S1832,Male,5.3,2.6,Yes,87.1,8.5,9,98.4
S1833,Other,4.6,2.2,No,68.8,5.7,2,78.5
S1834,Other,4,1.4,Yes,100,6.5,6,81.1
S1835,Female,5.1,2.6,No,83.4,6.5,10,100
S1836,Male,3.5,2.8,No,92,3.8,5,58.7
S1837,Female,2.2,1,No,76.6,5.1,10,62.6
S1838,Male,3.3,2.9,No,88.1,5.2,8,60.3
S1839,Male,2.4,2.3,No,72,7.5,3,63.9
S1840,Male,2.5,0.2,Yes,89.5,7.5,6,80
S1841,Male,3.3,1.5,Yes,81.4,6.9,6,62.6
S1842,Female,2.3,2,No,85.3,7.5,10,71.4
S1843,Female,3,4.8,Yes,92,6.3,3,60.6
S1844,Female,0.7,3.2,Yes,72.7,7.9,7,47.2
S1845,Male,3.8,0.9,No,78.2,6.5,4,78.1
S1846,Male,3.5,3.1,No,89.6,6.6,5,75.5
S1847,Male,2.3,0.6,No,100,6.2,9,73.5
S1848,Other,4.5,3.8,No,83.6,7.3,6,74.6
S1849,Male,4.9,1.9,No,90.9,6,10,98.7
S1850,Female,1.1,2.4,No,83.9,7.7,4,49.2
S1851,Female,2.4,4.1,No,100,5.1,8,67.4
S1852,Male,2.3,1,No,67.5,5.2,9,72.5
S1853,Female,2.1,0.8,No,85.9,7.3,10,68.4
S1854,Female,4.7,1.8,No,68.7,6.4,5,70
S1855,Female,3.2,3.7,No,59.9,6,2,56.1
S1856,Female,3.1,0.7,Yes,88,7.6,6,81.5
S1857,Male,0.5,0,Yes,86.4,5.8,8,45
S1858,Male,4.5,2,Yes,82.2,6.3,5,84.4
S1859,Female,1.6,3.2,No,83.9,8.2,1,36.8
S1860,Female,3.6,3.9,No,100,8.3,8,65.6
S1861,Male,3.9,1.9,No,82.4,8.4,9,93.5
S1862,Female,5.5,2,No,90.1,6.2,1,93.7
S1863,Female,1.5,3.9,No,78.5,8,8,42.3
S1864,Female,0,0.3,Yes,88,5.4,10,53.3
S1865,Male,3.8,2,No,82.6,5.4,2,65.9
S1866,Female,6.2,2.7,No,80.9,3.7,4,87.9
S1867,Female,5.4,3,No,100,8.5,2,94.5
S1868,Male,3.8,1.9,No,96.8,5.5,2,77.8
S1869,Male,2.8,2.5,Yes,86.4,6.3,10,74.6
S1870,Other,4.7,0,Yes,62,5.4,3,67.5
S1871,Male,2,1.7,Yes,81.4,7.3,8,66.5
S1872,Female,4.2,3,No,100,6,4,78.4
S1873,Female,4.3,1.3,No,82.7,4.9,7,84.9
S1874,Male,5.1,2.6,No,96,7,10,96.6
S1875,Female,7.6,3,No,99.4,4.8,3,100
S1876,Male,4.1,2.1,No,87.2,5.5,10,83.1
S1877,Female,2.7,2.7,No,76.6,4,3,36.9
S1878,Male,3.5,1.3,Yes,60.6,4.8,2,60
S1879,Female,0.8,2.3,No,91.8,6.7,6,44.3
S1880,Male,2.5,3.2,No,76.9,4.1,6,41.6
S1881,Male,2.9,2.7,Yes,86.8,4.7,1,45.5
S1882,Other,2.7,1.8,No,72.5,6.5,7,68.2
S1883,Male,3.7,2.8,No,82.3,5.8,4,75.5
S1884,Female,2.3,3.4,No,85.3,8.9,3,40.9
S1885,Male,5.2,0,No,87.7,8.7,8,100
S1886,Female,3.5,3.9,No,73.9,5.5,2,65.6
S1887,Male,3.5,2.1,No,97,7.2,9,75.9
S1888,Other,3,3,Yes,79,7.4,8,69.8
S1889,Male,3.7,3.9,Yes,68.3,5.8,8,66.6
S1890,Male,4.7,0.9,Yes,83.9,4.7,3,84.5
S1891,Male,2.2,1.6,Yes,85.3,6.5,4,65.6
S1892,Male,2.5,2.2,No,86.6,6.3,2,46.8
S1893,Female,3,1.6,No,98.6,6,2,67.7
S1894,Male,1.5,4.6,Yes,82.6,7,4,45.4
S1895,Female,2.3,1.5,No,83.8,5.6,6,57
S1896,Male,2.8,1.8,Yes,74,5.1,5,58.4
S1897,Male,4.8,2.7,No,93.2,6.6,1,70.8
S1898,Female,3.9,1.1,No,86.8,7,10,75.7
S1899,Female,3.8,2,No,80.8,5.1,1,55.7
S1900,Male,4.8,2.9,No,66,7.6,6,82.1
S1901,Male,3.3,2.1,No,99.4,4.4,3,71.4
S1902,Male,4.1,2.4,No,72.7,5.8,3,66.7
S1903,Female,3.3,1.9,No,79.1,6.2,7,70.9
S1904,Female,3.9,0.7,Yes,88.6,5.7,1,73
S1905,Male,2.6,2.9,Yes,73,5.8,1,53.9
S1906,Female,0,4.6,Yes,70.1,8.7,10,43.4
S1907,Female,3.3,2.5,No,63.8,5.5,3,55.4
S1908,Female,5.6,2.8,Yes,92.2,9.4,8,100
S1909,Female,4.9,3.3,No,79.5,7,1,71.8
S1910,Male,4.9,1,No,100,6.6,10,89.2
S1911,Male,5.4,4.5,No,75.1,7.1,4,83.9
S1912,Male,3.6,2.7,No,75.8,9.5,9,89.1
S1913,Male,3.8,4.5,Yes,79.3,5.3,4,53.5
S1914,Female,2.6,1.6,Yes,87.4,5.2,10,72.9
S1915,Female,3,4.7,No,80.3,5.6,8,61
S1916,Male,4.4,3.4,No,91.1,6.5,7,69.1
S1917,Male,5.3,3.2,No,75.2,4.4,3,77.2
S1918,Male,3.3,2.8,Yes,71.2,6.5,7,71.9
S1919,Female,2.8,2.2,No,67,8.5,7,74.7
S1920,Male,3.5,3.9,Yes,62.8,6.7,10,74.5
S1921,Female,4.4,2.7,No,79.8,6.1,3,85.4
S1922,Male,1.3,0.1,No,82,5.8,2,44.3
S1923,Male,0.1,1.2,No,78.7,7.6,9,53.4
S1924,Other,2.7,2.3,Yes,97.4,5.5,1,57.4
S1925,Other,1.7,2.9,Yes,97.3,8.7,7,53.6
S1926,Male,2.7,2.4,No,81.7,8.8,4,58.8
S1927,Female,3.3,4,No,67.1,6.8,2,43.5
S1928,Female,2.8,0.2,No,79.3,6.5,2,65.6
S1929,Female,5.7,2.7,No,79,7.7,8,89.8
S1930,Male,4,0.3,No,78.4,7.8,7,89.5
S1931,Female,4,3.4,Yes,78,5.5,7,68.8
S1932,Female,4.4,2.4,No,78.5,5.9,5,76.8
S1933,Female,1.8,3,No,81.1,4.9,10,47.5
S1934,Male,5.1,1.5,No,78.6,7,8,89.3
S1935,Male,3.4,4,Yes,87.1,7.3,2,62
S1936,Male,4.5,3.8,No,88.6,4.9,2,66.1
S1937,Female,1.9,3.2,No,75.9,6,5,41.7
S1938,Male,1.2,2.3,No,97.7,4.9,1,28
S1939,Female,4.7,3.2,No,75.2,5.4,6,71
S1940,Other,4.1,1.7,Yes,68.8,7.2,4,67.5
S1941,Male,2.1,3.5,No,88.8,5.6,6,63.4
S1942,Female,2.2,4.5,No,76.8,6.1,7,50.2
S1943,Male,5.2,3.8,No,88.2,4.5,3,72
S1944,Female,1.7,1.6,No,61,6.7,8,67.9
S1945,Male,6,2.9,Yes,98.9,6.4,7,100
S1946,Female,2.1,0.9,No,91.7,5.6,1,55
S1947,Female,4.5,3.2,Yes,70,6.3,6,59.9
S1948,Female,3,3,No,70.2,6.7,7,63.2
S1949,Female,4.4,0.3,No,100,5.5,4,84.5
S1950,Female,2.7,1.1,No,77.6,4.7,2,50.8
S1951,Female,3.3,2.2,No,76.7,8.7,10,94
S1952,Female,3.6,2.1,Yes,62.3,5.7,9,65.6
S1953,Female,2,1,No,81.5,6.4,7,61.7
S1954,Male,4.6,3,No,82.7,7.7,1,66
S1955,Female,2.7,2.8,Yes,92.2,10,8,86.9
S1956,Female,3.2,2.3,No,71,5,3,59.6
S1957,Female,2,1.6,No,69.8,7,4,49.1
S1958,Male,0,3.8,Yes,89.5,5.7,5,31.1
S1959,Female,3.2,4.5,No,95.1,5.9,1,45.7
S1960,Male,7.1,1.9,Yes,69.3,5.6,6,100
S1961,Female,4.7,1.8,No,95.8,5.1,10,81.1
S1962,Male,3.5,3.1,Yes,85.4,6.5,6,55.1
S1963,Female,3.1,2.1,No,95.9,4.7,2,53.3
S1964,Other,3.5,2.3,No,84.3,7.6,10,89.1
S1965,Male,4.3,3.4,No,59.8,6.6,6,77.3
S1966,Other,1.7,0.2,No,83.5,7,8,56.4
S1967,Male,5.2,4.1,No,95.6,5.9,6,76.1
S1968,Female,4.6,2.6,No,76.1,6.1,4,74.6
S1969,Female,4.6,2,Yes,81.1,6.8,4,83
S1970,Female,4.2,2.4,No,83.2,5.1,9,85.9
S1971,Female,3.5,2.5,No,56,6.1,6,64.5
S1972,Female,4.5,0.4,No,100,5.5,8,91.9
S1973,Male,4.4,4.3,No,76,5.4,8,74.6
S1974,Male,3,2.5,No,90.1,4,7,70.9
S1975,Female,2.6,3,No,84.1,8.1,3,66.7
S1976,Female,3.7,3.6,No,97.6,5.7,10,77.4
S1977,Female,5.8,1.3,Yes,89.1,7.9,1,99
S1978,Female,1.6,3.1,No,82.7,7.8,5,43.5
S1979,Male,1.3,2.2,No,76.1,5,10,53.4
S1980,Female,3.7,3.5,No,93,5.2,10,81
S1981,Male,3.6,0,No,66.3,9.6,2,66.2
S1982,Female,3.8,2.4,Yes,91.5,8.6,10,88
S1983,Male,3.9,1.8,No,74,6.5,2,64.4
S1984,Male,3.2,3,No,97.5,6.8,7,82.4
S1985,Male,5.7,3.1,Yes,86.6,5.7,3,80.9
S1986,Male,1.1,1.7,No,91.4,7,8,59.6
S1987,Female,2.3,1.6,Yes,85.8,5.6,9,56.2
S1988,Male,3.3,2.4,No,67.5,4.1,8,72.5
S1989,Male,1,1.4,Yes,76.4,4.9,6,47.6
S1990,Male,3.2,3.5,No,91.7,6.5,5,63.6
S1991,Male,6,2.1,No,86.7,5.1,3,85.3
S1992,Male,3.5,0,No,96.8,6.4,3,71.8
S1993,Male,3.8,2.1,No,89,5.2,7,70.9
S1994,Female,1.6,1.3,No,75.3,5.6,5,41.7
S1995,Female,2.6,0.5,No,77,7.5,6,76.1
S1996,Female,2.9,1,Yes,86,6.8,6,65.9
S1997,Male,3,2.6,No,61.9,6.5,9,64.4
S1998,Male,5.4,4.1,Yes,100,7.6,1,69.7
S1999,Female,4.3,2.9,No,89.4,7.1,8,74.9